step,x,y,z
0,384399995.14453006,61320.0,0.0
1,384399980.57812035,122639.99845089794,0.0
2,384399956.3007713,183959.9938035918,0.0
